{"cameraMode":{"drawMode":0,"name":"Shaded","section":"Shading Mode"},"sceneLighting":true,"audioPlay":false,"sceneViewState":{"showFog":true,"showMaterialUpdate":false,"showSkybox":true,"showFlares":true,"showImageEffects":true,"showParticleSystems":true},"in2DMode":false,"pivot":{"x":-0.10216813534498215,"y":7.031482696533203,"z":5.616065502166748},"rotation":{"x":0.282109797000885,"y":-0.6166358590126038,"z":0.2519570291042328,"w":0.6904301047325134},"size":7.268274307250977,"orthographic":true}